type_a,type_b,naive_log_odds_mean,corrected_log_odds_mean,corrected_log_odds_hdi_3,corrected_log_odds_hdi_97,corrected_p_positive,corrected_lift_mean,corrected_lift_hdi_3,corrected_lift_hdi_97,naive_mh_log_odds_mean,corrected_mh_log_odds_mean,corrected_mh_log_odds_hdi_3,corrected_mh_log_odds_hdi_97,corrected_mh_p_positive,credible,mh_credible
D.1,NAMA agreement,6.114957171406917,4.797166098974126,3.6887939333624176,5.852092606394417,1.0,1.0491185936959764,1.0415386270168168,1.0571980452482477,4.956410626414094,4.055632139467924,3.102683641520852,5.076481592358231,1.0,True,True
D.1,Testimonial medical letter (Medical & Health Documents),4.616815758593756,3.9411583733859303,3.1585425529860056,4.668270258977022,1.0,1.0470061810189093,1.0398862334590144,1.0549884665294595,3.944326440815661,3.4045882945018775,2.6693742372531744,4.143222991286137,1.0,True,True
D.1,D.2,5.288277217708157,4.0465846865557005,2.9251044674997266,4.968640796854288,1.0,1.0479468526806766,1.0402949808576223,1.0559840245451448,3.9163563863587743,3.3115291271569767,2.37743756325865,4.1143417496612855,1.0,True,True
D.1,Registration card,5.998396589314518,4.49389881125335,3.0384116191402963,6.232259945158588,1.0,1.0518926646362488,1.044058882234886,1.0603955600328516,4.281379587646257,3.303649888571667,1.859082790779405,5.317449954412961,1.0,True,True
Registration card,Report of selection and medical officers,4.136836317234615,3.766200708281138,2.986120079454263,4.227558431179333,1.0,1.2082499399112634,1.1788380863409182,1.232857127439238,3.102846240318706,3.0180189206731627,2.155404121050579,3.5804985113512746,1.0,True,True
D.1,Testimonial labour (Qualification & Employment Proof),4.694886782033142,3.8782434486177064,3.085581644064535,4.682906455692907,1.0,1.0467915111346628,1.039054652895053,1.0551934657421265,3.57080832485991,2.9438134302236785,2.2448305797153387,3.7820658584085334,1.0,True,True
Judicial and political background check,Report of selection and medical officers,3.527202207689872,3.190455553765025,2.349666623566013,3.6694067547050797,1.0,1.2213406977700758,1.1880357922779918,1.247772827963229,3.1708766058117415,2.8521076088604267,1.7313794945430263,3.506236554464514,1.0,True,True
Approval notice,Report of selection and medical officers,5.020811463360168,3.612217965408315,2.2934017675284193,4.603898865792188,1.0,1.2375657523969967,1.2014201513800349,1.265724339466784,3.8033134138676687,2.792799004025491,1.3536324620366882,3.7592234128653064,1.0,True,True
D.2,NAMA agreement,5.126449197016599,2.956646433540844,2.127174166026726,3.7702275669465726,1.0,1.0794508030917882,1.0683713400195847,1.0908614173106685,4.498146572638868,2.629779722301564,1.812338198137989,3.395125033418641,1.0,True,True
D.1,DM.1,4.022512614477761,3.468111324995203,2.823225665978262,4.043510816612206,1.0,1.0428414791924134,1.0346949143818955,1.0511771550816584,2.942895146975843,2.6063515917891005,2.0210024358364476,3.1782213244878874,1.0,True,True
D.1,Judicial and political background check,4.2570131167472995,3.5186778025998247,2.326726423940933,4.757308372780279,1.0,1.0501234190358906,1.0421922591851853,1.0588055247183938,2.9712599942801163,2.397453490350772,1.2548750040042376,3.740795843616105,1.0,True,True
D.1,Report of selection and medical officers,4.709360069457143,4.088976113202374,2.986092243831912,5.118225296061597,1.0,1.0500925501403195,1.042116613414227,1.0586637087156021,2.473721234075515,2.377005779995222,1.4503107309070669,3.374532927974542,1.0,True,True
NAMA agreement,Testimonial labour (Qualification & Employment Proof),3.719348504557596,2.6575420937201115,2.028219389635137,3.168462317747492,1.0,1.0710461125043511,1.0581762152549166,1.0832386521179633,2.818274231868535,2.1049008004521217,1.5458412426235624,2.5874775989782,1.0,True,True
Report of selection and medical officers,Testimonial labour (Qualification & Employment Proof),2.9006860479632377,2.5367789433661034,2.1608871334454616,2.831078287986987,1.0,1.1089354519060544,1.0901612712544622,1.1251599674637136,2.554902492286885,2.069459256007469,1.4527528388199478,2.6395010788137716,1.0,True,True
DM.1,NAMA agreement,3.4740225268243354,2.5031991437261802,1.9066943336051454,2.9582049674710302,1.0,1.0645917880051683,1.051354604320359,1.0773918673080696,2.68701845454142,2.0198112338256067,1.498385439542512,2.4456135431456905,1.0,True,True
Report of selection and medical officers,Testimonial medical form (Medical & Health Documents),3.467935212940274,2.8592146163317302,1.729842943514626,3.6619865889351746,1.0,1.2348903640831363,1.1859888545373887,1.2679649410343534,2.3335306357225227,2.0029672689082805,0.8255519806584576,2.9362739408910348,0.99625,True,True
Approval notice,D.1,4.476312343377786,3.4999634628969845,2.400228123268021,4.647225849727411,1.0,1.0505277079492579,1.0422851150936985,1.0597763850087847,2.1310122558565805,1.9327992415273487,0.9592028011134133,2.982355341773959,1.0,True,True
NAMA agreement,Report of selection and medical officers,3.788328018240994,2.5433896575591386,1.764047341124013,3.131259467527547,1.0,1.0796537099379577,1.067428356761746,1.0916277210162213,2.3151690590389267,1.7254200706820841,0.982494873086703,2.398277913806202,1.0,True,True
D.2,DM.1,3.2653777236061274,2.047242356520983,1.4993812696706663,2.6196842402372056,1.0,1.0686320092422608,1.052543102889797,1.0836791100902938,2.5741274490737345,1.6209508979568297,1.1054776455889965,2.1332602157784137,1.0,True,True
DM.1,Testimonial medical letter (Medical & Health Documents),2.1801529342872454,2.0140227760428084,1.7570268403297502,2.2780024412972355,1.0,1.0661307977717163,1.0530619255094413,1.0785521635820277,1.6663074805089253,1.620745892741953,1.3480729511601166,1.8876760958738568,1.0,True,True
D.2,Testimonial labour (Qualification & Employment Proof),3.1824289235506757,2.068772658551974,1.5754941622084822,2.614982107111512,1.0,1.0726268914976154,1.0592824497842313,1.085995524794498,2.330684687954329,1.5599730737640538,1.1331476235809141,2.0209477114664667,1.0,True,True
D.1,Testimonial medical form (Medical & Health Documents),3.5215738726232972,3.027583713238289,1.8642051950264789,4.292788464652554,1.0,1.0499933193548012,1.0410939877360368,1.0598671919225942,1.513295776793631,1.5458921503770195,0.36285804308490055,2.8750784398788563,0.996,True,True
D.2,Report of selection and medical officers,3.436120364834349,2.089985743374854,1.5083121557410424,2.750485883364345,1.0,1.0905639525774597,1.075057770387482,1.1048462504636878,2.1401372763668944,1.5100121170921046,0.9177261226101306,2.1043112359009415,1.0,True,True
NAMA agreement,Registration card,3.5682631453496643,2.318047458351738,1.6483654857299903,2.8754787126042745,1.0,1.0788092843301955,1.067123383514095,1.0910431092588986,2.1808893002476872,1.4979592562056214,0.9276504117448211,2.0407510362374897,1.0,True,True
NAMA agreement,Testimonial medical letter (Medical & Health Documents),2.462509287236819,1.8977151196692665,1.4107883886197923,2.266827969357352,1.0,1.0487283639241969,1.039805559172922,1.0577660876808428,1.655670070419017,1.3696391939751396,0.9823502872438239,1.7268940643188944,1.0,True,True
Approval notice,Registration card,3.242080300577678,2.336736050360629,1.702383090773964,2.8946803066671647,1.0,1.2134261687661219,1.1791410899738393,1.2406537488692049,1.722402206855077,1.3685305326818693,0.8143643726518548,1.8794245557349825,1.0,True,True
Registration card,Testimonial labour (Qualification & Employment Proof),2.397864206038076,2.1079933974601963,1.819877485954012,2.390984699621112,1.0,1.099799925859131,1.0836081832976205,1.1154192123006397,1.2848407724248214,1.2484985778776696,0.90678480045654,1.5885587854708252,1.0,True,True
D.2,Registration card,3.2543799540887606,1.8883229413838476,1.3112397878178101,2.5644947463083807,1.0,1.0897426115817035,1.0742231494722971,1.1042936748331447,1.9796261324268307,1.2218930960503107,0.7248860214138437,1.7788998122076058,1.0,True,True
DM.1,Registration card,2.074714467524599,1.8805804713224235,1.6005570468239325,2.1365740359910603,1.0,1.0850867440731267,1.0655589653599866,1.1041600661998185,1.1042543959812219,1.1562465802922135,0.8045907066882698,1.499158301731968,1.0,True,True
Testimonial labour (Qualification & Employment Proof),Testimonial medical form (Medical & Health Documents),2.156138759018936,1.8055560500724046,1.444022799707167,2.1568499632626583,1.0,1.1343570856799357,1.1091358048530133,1.1579356735020532,1.2421241269159649,1.0746536288188382,0.7202165061745158,1.4219230481860816,1.0,True,True
Judicial and political background check,Registration card,2.1307661881998565,1.933449845841274,1.5504148854186424,2.1773102628466154,1.0,1.1769078398175732,1.1494626976523983,1.1997748720675574,0.7579867231570904,1.021798250608758,0.6282792656986291,1.320676446910967,1.0,True,True
DM.1,Testimonial labour (Qualification & Employment Proof),1.8872487384139462,1.7148906692684036,1.4600258583724781,1.9812040742727977,1.0,1.0560064133784577,1.0434706691244608,1.0689743755030228,0.9580080082099959,1.0168337382379273,0.7168996739587844,1.3189363046095732,1.0,True,True
Approval notice,Testimonial medical form (Medical & Health Documents),3.676095280275633,1.5596815485205566,0.943173443714731,2.3568347655592974,1.0,1.3155436132915301,1.2393574004166419,1.3731228716031163,3.21562122114144,0.9603586908783021,0.4362070989929117,1.6933887828596987,1.0,True,True
Registration card,Testimonial medical letter (Medical & Health Documents),1.6935661464729879,1.5291689909224098,1.2959323993689038,1.754283315818212,1.0,1.0713123048304987,1.059729719787564,1.0840769912618464,0.8932534747553057,0.9207205264469767,0.6200307777630812,1.2238048473668952,1.0,True,True
Testimonial labour (Qualification & Employment Proof),Testimonial medical letter (Medical & Health Documents),1.6761687599810549,1.5067734732883953,1.2450295734073364,1.7506071047209408,1.0,1.0498543255097326,1.0402880237146668,1.0599670122905396,0.9005643509651124,0.9192374603791754,0.6368246089465641,1.199962431168618,1.0,True,True
D.2,Testimonial medical letter (Medical & Health Documents),2.0246692243341062,1.3895505814726201,1.0349573553282865,1.799907808628708,1.0,1.0460441805936649,1.037018242880915,1.055861777270271,1.1935621902246858,0.8870057267507032,0.57752228577847,1.2343304558153074,1.0,True,True
Judicial and political background check,Testimonial labour (Qualification & Employment Proof),1.848874439792646,1.628309344098157,1.379262976832723,1.8738739994838791,1.0,1.0990402025129777,1.080140613835304,1.1163940652793423,0.9091201443038395,0.8637184812129708,0.5727588686490048,1.1593845656758188,1.0,True,True
DM.1,Report of selection and medical officers,2.0845513420606316,1.9008761520474895,1.5973162470021545,2.166865798779898,1.0,1.077991503100457,1.060894273748308,1.0955238658781716,0.5332472648755158,0.8314567512326969,0.39590187531402393,1.2383891843126527,1.0,True,True
Approval notice,Judicial and political background check,2.3275634937205885,1.587809195094897,1.1386128095926087,2.030203793728675,1.0,1.220430868840378,1.1854745618160987,1.2516189042373607,1.4659111825416717,0.8305973584813223,0.4550687613228778,1.2454139911045876,1.0,True,True
Registration card,Testimonial medical form (Medical & Health Documents),2.0798061629812774,1.7937668696515707,1.3419248923713558,2.1141799693521137,1.0,1.2173084250720514,1.1763036683834756,1.24828535771633,0.7661453342704796,0.7907031059964206,0.41841796658834046,1.121942612669731,1.0,True,True
Judicial and political background check,NAMA agreement,2.4835914617738752,1.672052866146496,1.0516515900755843,2.1523335906473866,1.0,1.071350742754013,1.0577022850226288,1.084525715728226,1.051962121606944,0.7591924732413824,0.29851603343496796,1.1886744993580651,0.99875,True,True
Approval notice,DM.1,2.050825864496053,1.5187819354838685,1.1363217431084942,1.8975148012422447,1.0,1.0910151174044413,1.0689595226576925,1.1128545954146143,0.909303825366185,0.7345829188417636,0.36702193242670955,1.1447273299040097,0.99975,True,True
Report of selection and medical officers,Testimonial medical letter (Medical & Health Documents),1.7437009985227143,1.590697152238046,1.3130965984057634,1.8298649006700443,1.0,1.0667828836752455,1.0557551603847883,1.078331998957616,0.46141093724079857,0.7272588493925073,0.34999269418380324,1.1120636068779728,1.0,True,True
Approval notice,D.2,3.1505103148491207,1.4367964234791644,0.8445080084826567,2.1046501267400997,1.0,1.0909934244378374,1.072856798582211,1.1086753175292794,1.9092752343690316,0.6651534717079957,0.17195205528090654,1.2025368843032929,0.998,True,True
NAMA agreement,Testimonial medical form (Medical & Health Documents),2.464091989131953,1.589445138116151,0.9239798704994983,2.1738392194535137,1.0,1.0844785849879885,1.064853046080251,1.1021635898050257,0.6286661554627954,0.647265919151404,0.11224514490957198,1.1856834380890486,0.9845,True,True
Approval notice,Testimonial labour (Qualification & Employment Proof),2.342062015462292,1.6419030090472875,1.2097668526006045,2.0416863631560958,1.0,1.1027181360823346,1.084662609068918,1.1207272807857427,1.00021253098892,0.6230471209567622,0.22122496414916254,1.0404457696111715,0.998,True,True
Approval notice,NAMA agreement,3.17782376939379,1.7372912502548978,1.0564834659954854,2.3771348836082353,1.0,1.0755438637763355,1.0612657987602834,1.0890565525941278,1.1006498646539185,0.6099943995653456,0.10063988970006293,1.1276654288566557,0.98525,True,True
D.2,Judicial and political background check,2.2279130509249176,1.2878573038107894,0.8284407258536489,1.8243693449720055,1.0,1.0796691632579882,1.062885578213686,1.0958480855396227,0.858838657675531,0.5321835398047707,0.17300312726699027,0.9202982173180215,0.99675,True,True
Testimonial medical form (Medical & Health Documents),Testimonial medical letter (Medical & Health Documents),1.0863980282402022,0.9694926854329581,0.7217891226692593,1.2180697067544874,1.0,1.0822045087731436,1.0637659428685746,1.1015583589806708,0.33094350160484465,0.41487897208998925,0.12918624987607027,0.6899503264236243,0.998,True,True
Approval notice,Testimonial medical letter (Medical & Health Documents),1.5261740613825285,1.1115581286121763,0.7934637711274408,1.427376086704809,1.0,1.0703599225787102,1.05600288922719,1.0853575412435836,0.3262511906618246,0.3444543957749063,0.016228594967382146,0.6820420633879776,0.9745,True,False
DM.1,Judicial and political background check,1.3160789529642416,1.207538089732937,0.9793670979966144,1.4492171777431788,1.0,1.0709270982637462,1.0531452038080544,1.0891733596967241,0.13589852245350903,0.33402043257352954,0.04363044756617837,0.6303165010314518,0.9845,True,True
Judicial and political background check,Testimonial medical form (Medical & Health Documents),0.9818889317934737,0.934999814556729,0.7532011166383341,1.111701552376285,1.0,1.1932067477630686,1.1535404791629489,1.2297934780287147,0.07841897384441385,0.23145835861591388,0.03133521312421422,0.4450491540493361,0.98625,True,True
Judicial and political background check,Testimonial medical letter (Medical & Health Documents),1.0414703659082187,0.9486612732667443,0.724683153750169,1.1632081347708758,1.0,1.0580951983897917,1.045124095353799,1.0710033021982872,0.03389205340968101,0.1921362293971491,-0.08540673133044906,0.4742204205154382,0.90325,True,False
DM.1,Testimonial medical form (Medical & Health Documents),1.0227110295018549,0.9255452677742956,0.6669344644661274,1.1864969643460241,1.0,1.075998071677352,1.0518664602562056,1.098828494343779,-0.12483400422225323,0.1124924888647393,-0.1887809466765512,0.425607930619024,0.7525,True,False
D.2,Testimonial medical form (Medical & Health Documents),1.5981842896156795,0.8701564883035245,0.5183946743109992,1.2997495015130247,1.0,1.0764212686032717,1.0542252045066869,1.0987327826211353,-0.5927643732807926,0.0023314579993139973,-0.3423795561860972,0.3290517923662367,0.51375,True,False
