dossier	page_num	start_page	predicted_start_page	document_type	predicted_document_type	predicted_segment_id
a2478-d0001942-1429968	1	yes	yes	NAA cover	NAA cover	1
a2478-d0001942-1429968	2	yes	yes	Photo	Photo	2
a2478-d0001942-1429968	3	no	no	Photo	Photo	2
a2478-d0001942-1429968	4	yes	yes	Report of selection and medical officers	Report of selection and medical officers	4
a2478-d0001942-1429968	5	no	no	Report of selection and medical officers	Report of selection and medical officers	4
a2478-d0001942-1429968	6	yes	yes	D.1	D.1	6
a2478-d0001942-1429968	7	no	no	D.1	D.1	6
a2478-d0001942-1429968	8	yes	yes	D.1	D.1	8
a2478-d0001942-1429968	9	no	no	D.1	D.1	8
a2478-d0001942-1429968	10	yes	yes	DM.1	DM.1	10
a2478-d0001942-1429968	11	no	no	DM.1	DM.1	10
a2478-d0001942-1429968	12	yes	yes	DM.1	DM.1	12
a2478-d0001942-1429968	13	no	no	DM.1	DM.1	12
a2478-d0001942-1429968	14	yes	yes	NAMA agreement	NAMA agreement	14
a2478-d0001942-1429968	15	yes	yes	Registration card	Registration card	15
a2478-d0001942-1429968	16	no	no	Registration card	Registration card	15
a2478-d0001942-1429968	17	yes	yes	D.2	D.2	17
a2478-d0001942-1429968	18	yes	yes	Testimonial labour (Qualification & Employment Proof)	Testimonial labour (Qualification & Employment Proof)	18
a2478-d0001942-1429968	19	yes	yes	Testimonial medical letter (Medical & Health Documents)	Testimonial medical letter (Medical & Health Documents)	19
a2478-d0001942-1429968	20	yes	yes	Testimonial medical letter (Medical & Health Documents)	Testimonial medical letter (Medical & Health Documents)	20
a2478-d0001942-1429968	21	yes	yes	Testimonial medical form (Medical & Health Documents)	Other (Structured Form, Medical & Health Documents)	21
a2478-d0001942-1429968	22	yes	yes	Approval notice	Approval notice	22
a2478-d0001942-1429968	23	no	no	Approval notice	Approval notice	22
a2478-d0001942-1429968	24	yes	yes	Letter about procedure	Letter about procedure	24
a2478-d0001942-1429968	25	yes	yes	Approval notice	Approval notice	25
a2478-d0001942-1429968	26	no	no	Approval notice	Approval notice	25
a2478-d0001942-1429968	27	yes	no	Report of selection and medical officers	Approval notice	25
a2478-d0002297-1442596	1	yes	yes	NAA cover	NAA cover	1
a2478-d0002297-1442596	2	yes	yes	Photo	Photo	2
a2478-d0002297-1442596	3	no	no	Photo	Photo	2
a2478-d0002297-1442596	4	yes	yes	D.1	D.1	4
a2478-d0002297-1442596	5	no	no	D.1	D.1	4
a2478-d0002297-1442596	6	yes	yes	D.1	D.1	6
a2478-d0002297-1442596	7	no	no	D.1	D.1	6
a2478-d0002297-1442596	8	yes	yes	DM.1	DM.1	8
a2478-d0002297-1442596	9	no	no	DM.1	DM.1	8
a2478-d0002297-1442596	10	yes	yes	DM.1	DM.1	10
a2478-d0002297-1442596	11	no	no	DM.1	DM.1	10
a2478-d0002297-1442596	12	yes	yes	Report of selection and medical officers	Report of selection and medical officers	12
a2478-d0002297-1442596	13	no	no	Report of selection and medical officers	Report of selection and medical officers	12
a2478-d0002297-1442596	14	yes	no	Report of selection and medical officers	Report of selection and medical officers	12
a2478-d0002297-1442596	15	no	yes	Report of selection and medical officers	Other (Letter, Other)	15
a2478-d0002297-1442596	16	yes	yes	Approval notice	Approval notice	16
a2478-d0002297-1442596	17	yes	yes	NAMA agreement	NAMA agreement	17
a2478-d0002297-1442596	18	no	no	NAMA agreement	NAMA agreement	17
a2478-d0002297-1442596	19	yes	yes	Registration card	Registration card	19
a2478-d0002297-1442596	20	no	no	Registration card	Registration card	19
a2478-d0002297-1442596	21	yes	yes	Judicial and political background check	Judicial and political background check	21
a2478-d0002297-1442596	22	yes	yes	Judicial and political background check	Judicial and political background check	22
a2478-d0002297-1442596	23	yes	yes	D.2	D.2	23
a2478-d0002297-1442596	24	no	no	D.2	D.2	23
a2478-d0002297-1442596	25	yes	yes	Testimonial medical form (Medical & Health Documents)	Testimonial medical form (Medical & Health Documents)	25
a2478-d0002297-1442596	26	yes	yes	Testimonial medical letter (Medical & Health Documents)	Testimonial medical letter (Medical & Health Documents)	26
a2478-d0002297-1442596	27	yes	yes	Testimonial labour (Qualification & Employment Proof)	Testimonial labour (Qualification & Employment Proof)	27
a2478-d0002297-1442596	28	no	yes	Testimonial labour (Qualification & Employment Proof)	Testimonial labour (Qualification & Employment Proof)	28
a2478-d0002297-1442596	29	yes	yes	Testimonial labour (Qualification & Employment Proof)	Testimonial labour (Qualification & Employment Proof)	29
a2478-d0002297-1442596	30	yes	yes	Testimonial labour (Qualification & Employment Proof)	Testimonial labour (Qualification & Employment Proof)	30
a2478-d0002297-1442596	31	yes	yes	Testimonial labour (Qualification & Employment Proof)	Testimonial labour (Qualification & Employment Proof)	31
a2478-d0002297-1442596	32	yes	yes	Testimonial labour (Qualification & Employment Proof)	Testimonial labour (Qualification & Employment Proof)	32
a2478-d0002297-1442596	33	yes	yes	Testimonial labour (Qualification & Employment Proof)	Testimonial labour (Qualification & Employment Proof)	33
a2478-d0002297-1442596	34	yes	yes	Testimonial labour (Qualification & Employment Proof)	Testimonial labour (Qualification & Employment Proof)	34
a2478-d0002297-1442596	35	yes	yes	Testimonial labour (Qualification & Employment Proof)	Testimonial labour (Qualification & Employment Proof)	35
a2478-d0002297-1442596	36	yes	yes	Testimonial labour (Qualification & Employment Proof)	Testimonial labour (Qualification & Employment Proof)	36
a2478-d0002297-1442596	37	yes	yes	Testimonial labour (Qualification & Employment Proof)	Testimonial labour (Qualification & Employment Proof)	37
a2478-d0002297-1442596	38	yes	yes	Testimonial labour (Qualification & Employment Proof)	Testimonial labour (Qualification & Employment Proof)	38
a2478-d0002297-1442596	39	yes	yes	Testimonial labour (Qualification & Employment Proof)	Testimonial labour (Qualification & Employment Proof)	39
a2478-d0002073-1431522	1	yes	yes	NAA cover	NAA cover	1
a2478-d0002073-1431522	2	yes	yes	Photo	Photo	2
a2478-d0002073-1431522	3	no	no	Photo	Photo	2
a2478-d0002073-1431522	4	yes	yes	D.1	D.1	4
a2478-d0002073-1431522	5	no	no	D.1	D.1	4
a2478-d0002073-1431522	6	yes	yes	D.1	D.1	6
a2478-d0002073-1431522	7	no	no	D.1	D.1	6
a2478-d0002073-1431522	8	yes	yes	Testimonial labour (Qualification & Employment Proof)	Testimonial labour (Qualification & Employment Proof)	8
a2478-d0002073-1431522	9	yes	yes	Testimonial labour (Qualification & Employment Proof)	Testimonial labour (Qualification & Employment Proof)	9
a2478-d0002073-1431522	10	yes	yes	Testimonial labour (Qualification & Employment Proof)	Testimonial labour (Qualification & Employment Proof)	10
a2478-d0002073-1431522	11	yes	yes	Testimonial medical letter (Medical & Health Documents)	Testimonial medical letter (Medical & Health Documents)	11
a2478-d0002073-1431522	12	yes	yes	Testimonial medical letter (Medical & Health Documents)	Testimonial medical letter (Medical & Health Documents)	12
a2478-d0002073-1431522	13	yes	yes	Testimonial medical form (Medical & Health Documents)	Testimonial medical form (Medical & Health Documents)	13
a2478-d0002073-1431522	14	yes	yes	Approval notice	Approval notice	14
a2478-d0002073-1431522	15	yes	yes	Report of selection and medical officers	Report of selection and medical officers	15
a2478-d0002073-1431522	16	no	no	Report of selection and medical officers	Report of selection and medical officers	15
a2478-d0002073-1431522	17	no	no	Report of selection and medical officers	Report of selection and medical officers	15
a2478-d0002073-1431522	18	no	no	Report of selection and medical officers	Report of selection and medical officers	15
a2478-d0002073-1431522	19	yes	yes	DM.1	DM.1	19
a2478-d0002073-1431522	20	no	no	DM.1	DM.1	19
a2478-d0002073-1431522	21	yes	yes	DM.1	DM.1	21
a2478-d0002073-1431522	22	no	no	DM.1	DM.1	21
a2478-d0002073-1431522	23	yes	yes	NAMA agreement	NAMA agreement	23
a2478-d0002073-1431522	24	no	no	NAMA agreement	NAMA agreement	23
a2478-d0002073-1431522	25	yes	yes	Registration card	Registration card	25
a2478-d0002073-1431522	26	yes	no	Registration card	Registration card	25
a2478-d0002073-1431522	27	yes	yes	Judicial and political background check	Judicial and political background check	27
a2478-d0002073-1431522	28	yes	yes	Judicial and political background check	Judicial and political background check	28
a2478-d0002073-1431522	29	yes	yes	D.2	D.2	29
a2478-d0002073-1431522	30	yes	yes	D.2	D.2	30
a2478-d0002073-1431522	31	no	no	D.2	D.2	30
a2478-d0003138-1476844	1	yes	yes	NAA cover	NAA cover	1
a2478-d0003138-1476844	2	yes	yes	Photo	Photo	2
a2478-d0003138-1476844	3	no	no	Photo	Photo	2
a2478-d0003138-1476844	4	yes	yes	D.1	D.1	4
a2478-d0003138-1476844	5	no	no	D.1	D.1	4
a2478-d0003138-1476844	6	yes	yes	D.1	D.1	6
a2478-d0003138-1476844	7	no	no	D.1	D.1	6
a2478-d0003138-1476844	8	yes	yes	D.2	D.2	8
a2478-d0003138-1476844	9	no	no	D.2	D.2	8
a2478-d0003138-1476844	10	yes	yes	NAMA agreement	NAMA agreement	10
a2478-d0003138-1476844	11	no	no	NAMA agreement	NAMA agreement	10
a2478-d0003138-1476844	12	yes	yes	Testimonial labour (Qualification & Employment Proof)	Testimonial labour (Qualification & Employment Proof)	12
a2478-d0003138-1476844	13	yes	yes	Testimonial labour (Qualification & Employment Proof)	Testimonial labour (Qualification & Employment Proof)	13
a2478-d0003138-1476844	14	yes	yes	Testimonial labour (Qualification & Employment Proof)	Testimonial labour (Qualification & Employment Proof)	14
a2478-d0003138-1476844	15	yes	yes	Testimonial labour (Qualification & Employment Proof)	Testimonial labour (Qualification & Employment Proof)	15
a2478-d0003138-1476844	16	yes	yes	Testimonial medical letter (Medical & Health Documents)	Testimonial medical letter (Medical & Health Documents)	16
a2478-d0003138-1476844	17	yes	yes	Testimonial medical letter (Medical & Health Documents)	Testimonial medical letter (Medical & Health Documents)	17
a2478-d0003138-1476844	18	yes	yes	DM.1	DM.1	18
a2478-d0003138-1476844	19	yes	yes	DM.1	DM.1	19
a2478-d0003138-1476844	20	yes	yes	Photo	Photo	20
a2478-d0003138-1476844	21	no	no	Photo	Photo	20
a2478-d0003138-1476844	22	yes	yes	DM.1	Testimonial status (Application Documents)	22
a2478-d0003138-1476844	23	yes	yes	DM.1	DM.1	23
a2478-d0003138-1476844	24	yes	yes	DM.1	DM.1	24
a2478-d0003138-1476844	25	yes	yes	Photo	Photo	25
a2478-d0003138-1476844	26	no	yes	Photo	Testimonial medical letter (Medical & Health Documents)	26
a2478-d0003138-1476844	27	no	yes	DM.1	Testimonial status (Application Documents)	27
a2478-d0003288-60184215	1	yes	yes	NAA cover	NAA cover	1
a2478-d0003288-60184215	2	yes	yes	Photo	Photo	2
a2478-d0002376-1444308	1	yes	yes	NAA cover	NAA cover	1
a2478-d0002376-1444308	2	yes	yes	Photo	Photo	2
a2478-d0002376-1444308	3	no	no	Photo	Photo	2
a2478-d0002376-1444308	4	yes	yes	D.1	D.1	4
a2478-d0002376-1444308	5	no	no	D.1	D.1	4
a2478-d0002376-1444308	6	yes	yes	D.1	D.1	6
a2478-d0002376-1444308	7	no	no	D.1	D.1	6
a2478-d0002376-1444308	8	yes	yes	D.1	D.1	8
a2478-d0002376-1444308	9	no	no	D.1	D.1	8
a2478-d0002376-1444308	10	yes	yes	D.1	D.1	10
a2478-d0002376-1444308	11	no	no	D.1	D.1	10
a2478-d0002376-1444308	12	yes	yes	D.1	D.1	12
a2478-d0002376-1444308	13	no	no	D.1	D.1	12
a2478-d0002376-1444308	14	yes	yes	D.1	D.1	14
a2478-d0002376-1444308	15	no	no	D.1	D.1	14
a2478-d0002376-1444308	16	yes	yes	Report of selection and medical officers	Report of selection and medical officers	16
a2478-d0002376-1444308	17	no	no	Report of selection and medical officers	Report of selection and medical officers	16
a2478-d0002376-1444308	18	no	no	Report of selection and medical officers	Report of selection and medical officers	16
a2478-d0002376-1444308	19	yes	yes	DM.1	DM.1	19
a2478-d0002376-1444308	20	no	no	DM.1	DM.1	19
a2478-d0002376-1444308	21	yes	yes	DM.1	DM.1	21
a2478-d0002376-1444308	22	no	no	DM.1	DM.1	21
a2478-d0002376-1444308	23	yes	yes	DM.1	DM.1	23
a2478-d0002376-1444308	24	no	no	DM.1	DM.1	23
a2478-d0002376-1444308	25	yes	yes	DM.1	DM.1	25
a2478-d0002376-1444308	26	no	no	DM.1	DM.1	25
a2478-d0002376-1444308	27	no	yes	NAMA agreement	NAMA agreement	27
a2478-d0002376-1444308	28	yes	yes	NAMA agreement	NAMA agreement	28
a2478-d0002376-1444308	29	yes	yes	NAMA agreement	NAMA agreement	29
a2478-d0002376-1444308	30	no	no	NAMA agreement	NAMA agreement	29
a2478-d0002376-1444308	31	yes	yes	NAMA agreement	NAMA agreement	31
a2478-d0002376-1444308	32	no	no	NAMA agreement	NAMA agreement	31
a2478-d0002376-1444308	33	yes	yes	Other (Structured Form, Qualification & Employment Proof)	Other (Structured Form, Qualification & Employment Proof)	33
a2478-d0002376-1444308	34	no	no	Other (Structured Form, Qualification & Employment Proof)	Other (Structured Form, Qualification & Employment Proof)	33
a2478-d0002376-1444308	35	no	yes	Other (Structured Form, Qualification & Employment Proof)	Testimonial labour (Qualification & Employment Proof)	35
a2478-d0002376-1444308	36	yes	yes	Other (Structured Form, Qualification & Employment Proof)	Other (Structured Form, Qualification & Employment Proof)	36
a2478-d0002376-1444308	37	no	yes	Other (Structured Form, Qualification & Employment Proof)	D.2	37
a2478-d0002376-1444308	38	no	yes	Other (Structured Form, Qualification & Employment Proof)	Testimonial medical form (Medical & Health Documents)	38
a2478-d0002376-1444308	39	yes	yes	Testimonial labour (Qualification & Employment Proof)	Testimonial labour (Qualification & Employment Proof)	39
a2478-d0002376-1444308	40	yes	yes	Testimonial labour (Qualification & Employment Proof)	Testimonial labour (Qualification & Employment Proof)	40
a2478-d0002376-1444308	41	yes	yes	Testimonial labour (Qualification & Employment Proof)	Testimonial labour (Qualification & Employment Proof)	41
a2478-d0002376-1444308	42	yes	yes	Testimonial labour (Qualification & Employment Proof)	Testimonial labour (Qualification & Employment Proof)	42
a2478-d0002376-1444308	43	yes	yes	Testimonial labour (Qualification & Employment Proof)	Testimonial labour (Qualification & Employment Proof)	43
a2478-d0002376-1444308	44	yes	yes	Testimonial labour (Qualification & Employment Proof)	Testimonial labour (Qualification & Employment Proof)	44
a2478-d0002376-1444308	45	yes	yes	Testimonial labour (Qualification & Employment Proof)	Testimonial labour (Qualification & Employment Proof)	45
a2478-d0002376-1444308	46	yes	yes	Testimonial labour (Qualification & Employment Proof)	Testimonial labour (Qualification & Employment Proof)	46
a2478-d0002376-1444308	47	yes	yes	Testimonial labour (Qualification & Employment Proof)	Testimonial medical letter (Medical & Health Documents)	47
a2478-d0002376-1444308	48	yes	yes	Testimonial labour (Qualification & Employment Proof)	Testimonial labour (Qualification & Employment Proof)	48
a2478-d0002376-1444308	49	yes	yes	Testimonial medical letter (Medical & Health Documents)	Testimonial medical letter (Medical & Health Documents)	49
a2478-d0002376-1444308	50	yes	yes	Testimonial medical letter (Medical & Health Documents)	Testimonial medical letter (Medical & Health Documents)	50
a2478-d0002376-1444308	51	yes	yes	Testimonial medical letter (Medical & Health Documents)	Testimonial medical letter (Medical & Health Documents)	51
a2478-d0002376-1444308	52	yes	yes	Testimonial medical letter (Medical & Health Documents)	Testimonial medical letter (Medical & Health Documents)	52
a2478-d0002376-1444308	53	yes	yes	Testimonial medical letter (Medical & Health Documents)	Testimonial medical letter (Medical & Health Documents)	53
a2478-d0002376-1444308	54	yes	yes	Letter about procedure	Testimonial medical letter (Medical & Health Documents)	54
a2478-d0002376-1444308	55	yes	yes	Testimonial labour (Qualification & Employment Proof)	Testimonial status (Application Documents)	55
a2478-d0002376-1444308	56	yes	yes	Testimonial labour (Qualification & Employment Proof)	Testimonial labour (Qualification & Employment Proof)	56
a2478-d0002376-1444308	57	yes	yes	Registration card	Registration card	57
a2478-d0002376-1444308	58	no	no	Registration card	Registration card	57
a2478-d0002376-1444308	59	yes	yes	Judicial and political background check	Judicial and political background check	59
a2478-d0002376-1444308	60	yes	yes	Judicial and political background check	Judicial and political background check	60
a2478-d0002376-1444308	61	yes	yes	Judicial and political background check	Judicial and political background check	61
a2478-d0002376-1444308	62	yes	yes	Judicial and political background check	Judicial and political background check	62
a2478-d0002376-1444308	63	yes	yes	D.2	D.2	63
a2478-d0002376-1444308	64	yes	yes	D.2	D.2	64
a2478-d0002376-1444308	65	yes	yes	D.2	D.2	65
a2478-d0002376-1444308	66	yes	yes	D.2	D.2	66
a2478-d0002376-1444308	67	yes	yes	D.2	D.2	67
a2478-d0002376-1444308	68	yes	yes	D.2	D.2	68
a2478-d0002887-1457460	1	yes	yes	NAA cover	NAA cover	1
a2478-d0002887-1457460	2	yes	yes	Photo	Photo	2
a2478-d0002887-1457460	3	no	no	Photo	Photo	2
a2478-d0002887-1457460	4	yes	no	Registration card	Photo	2
a2478-d0002887-1457460	5	no	no	Registration card	Photo	2
a2478-d0002887-1457460	6	yes	yes	Letter about procedure	Letter about procedure	6
a2478-d0002887-1457460	7	yes	yes	Testimonial medical letter (Medical & Health Documents)	Testimonial medical letter (Medical & Health Documents)	7
a2478-d0002887-1457460	8	yes	yes	Testimonial medical letter (Medical & Health Documents)	Testimonial medical letter (Medical & Health Documents)	8
a2478-d0002887-1457460	9	yes	yes	Testimonial medical letter (Medical & Health Documents)	Testimonial medical letter (Medical & Health Documents)	9
a2478-d0002887-1457460	10	yes	yes	Testimonial medical form (Medical & Health Documents)	Testimonial medical form (Medical & Health Documents)	10
a2478-d0002887-1457460	11	yes	yes	D.1	D.1	11
a2478-d0002887-1457460	12	no	no	D.1	D.1	11
a2478-d0002887-1457460	13	yes	yes	D.1	D.1	13
a2478-d0002887-1457460	14	no	no	D.1	D.1	13
a2478-d0002887-1457460	15	yes	yes	Approval notice	Approval notice	15
a2478-d0002887-1457460	16	yes	yes	Testimonial labour (Qualification & Employment Proof)	Testimonial labour (Qualification & Employment Proof)	16
a2478-d0002887-1457460	17	yes	yes	Letter about procedure	Letter about procedure	17
a2478-d0002887-1457460	18	yes	yes	Letter about procedure	Letter about procedure	18
a2478-d0002887-1457460	19	yes	yes	NAMA agreement	NAMA agreement	19
a2478-d0002887-1457460	20	no	no	NAMA agreement	NAMA agreement	19
a2478-d0002887-1457460	21	yes	yes	Judicial and political background check	Judicial and political background check	21
a2478-d0002887-1457460	22	yes	yes	Judicial and political background check	Judicial and political background check	22
a2478-d0002887-1457460	23	yes	yes	D.2	D.2	23
a2478-d0002887-1457460	24	no	no	D.2	D.2	23
a2478-d0002887-1457460	25	yes	yes	D.2	D.2	25
a2478-d0002887-1457460	26	no	no	D.2	D.2	25
a2478-d0002887-1457460	27	yes	yes	Report of selection and medical officers	Report of selection and medical officers	27
a2478-d0002887-1457460	28	no	no	Report of selection and medical officers	Report of selection and medical officers	27
a2478-d0002887-1457460	29	no	no	Report of selection and medical officers	Report of selection and medical officers	27
a2478-d0002887-1457460	30	no	no	Report of selection and medical officers	Report of selection and medical officers	27
a2478-d0002887-1457460	31	yes	yes	DM.1	DM.1	31
a2478-d0002887-1457460	32	no	no	DM.1	DM.1	31
a2478-d0002887-1457460	33	yes	yes	DM.1	DM.1	33
a2478-d0002887-1457460	34	no	no	DM.1	DM.1	33
a2478-d0002887-1457460	35	yes	yes	Testimonial labour (Qualification & Employment Proof)	Testimonial labour (Qualification & Employment Proof)	35
a2478-d0002887-1457460	36	yes	yes	Testimonial labour (Qualification & Employment Proof)	Testimonial labour (Qualification & Employment Proof)	36
a2478-d0002887-1457460	37	yes	yes	Testimonial labour (Qualification & Employment Proof)	Testimonial labour (Qualification & Employment Proof)	37
a2478-d0002887-1457460	38	yes	yes	Testimonial labour (Qualification & Employment Proof)	Testimonial labour (Qualification & Employment Proof)	38
a2478-d0002887-1457460	39	yes	yes	Testimonial labour (Qualification & Employment Proof)	Testimonial labour (Qualification & Employment Proof)	39
a2478-d0002887-1457460	40	yes	yes	Testimonial labour (Qualification & Employment Proof)	Testimonial labour (Qualification & Employment Proof)	40
a2478-d0002887-1457460	41	yes	yes	Testimonial labour (Qualification & Employment Proof)	Testimonial labour (Qualification & Employment Proof)	41
a2478-d0002887-1457460	42	yes	yes	Testimonial labour (Qualification & Employment Proof)	Testimonial labour (Qualification & Employment Proof)	42
a2478-d0002887-1457460	43	yes	yes	Testimonial labour (Qualification & Employment Proof)	Testimonial labour (Qualification & Employment Proof)	43
a2478-d0001626-1422620	1	yes	yes	NAA cover	NAA cover	1
a2478-d0001626-1422620	2	yes	yes	D.1	D.1	2
a2478-d0001626-1422620	3	no	no	D.1	D.1	2
a2478-d0001626-1422620	4	yes	yes	D.1	D.1	4
a2478-d0001626-1422620	5	no	no	D.1	D.1	4
a2478-d0001626-1422620	6	yes	yes	Letter about procedure	Testimonial labour (Qualification & Employment Proof)	6
a2478-d0001626-1422620	7	yes	yes	NAMA agreement	NAMA agreement	7
a2478-d0001626-1422620	8	yes	yes	Testimonial labour (Qualification & Employment Proof)	Testimonial medical form (Medical & Health Documents)	8
a2478-d0001626-1422620	9	yes	yes	D.2	D.2	9
a2478-d0001626-1422620	10	no	no	D.2	D.2	9
a2478-d0001626-1422620	11	yes	yes	D.2	D.2	11
a2478-d0001626-1422620	12	no	no	D.2	D.2	11
a2478-d0001626-1422620	13	yes	yes	Testimonial medical letter (Medical & Health Documents)	Testimonial medical letter (Medical & Health Documents)	13
a2478-d0001626-1422620	14	yes	yes	Testimonial medical letter (Medical & Health Documents)	Testimonial medical letter (Medical & Health Documents)	14
a2478-d0001626-1422620	15	yes	yes	Other (Structured Form, Medical & Health Documents)	Other (Structured Form, Medical & Health Documents)	15
a2478-d0001626-1422620	16	no	no	Other (Structured Form, Medical & Health Documents)	Other (Structured Form, Medical & Health Documents)	15
a2478-d0001626-1422620	17	yes	yes	Photo	Photo	17
a2478-d0001626-1422620	18	no	no	Photo	Photo	17
a2478-d0001630-1422677	1	yes	yes	NAA cover	NAA cover	1
a2478-d0001630-1422677	2	yes	yes	D.1	D.1	2
a2478-d0001630-1422677	3	no	no	D.1	D.1	2
a2478-d0001630-1422677	4	yes	yes	Letter about procedure	Letter about procedure	4
a2478-d0001630-1422677	5	yes	yes	Letter about procedure	Other (Letter, Other)	5
a2478-d0001630-1422677	6	yes	yes	Letter about procedure	Testimonial medical letter (Medical & Health Documents)	6
a2478-d0001630-1422677	7	yes	yes	Testimonial medical letter (Medical & Health Documents)	Testimonial labour (Qualification & Employment Proof)	7
a2478-d0001630-1422677	8	yes	yes	Letter about procedure	Testimonial labour (Qualification & Employment Proof)	8
a2478-d0001630-1422677	9	yes	yes	Letter about procedure	Letter about procedure	9
a2478-d0001630-1422677	10	yes	yes	NAMA agreement	NAMA agreement	10
a2478-d0001630-1422677	11	yes	yes	Letter about procedure	Letter about procedure	11
a2478-d0001630-1422677	12	yes	yes	Other (Structured Form, Administrative & Internal Processing Documents)	Other (Structured Form, Administrative & Internal Processing Documents)	12
a2478-d0001630-1422677	13	no	no	Other (Structured Form, Administrative & Internal Processing Documents)	Other (Structured Form, Administrative & Internal Processing Documents)	12
a2478-d0001630-1422677	14	yes	yes	Testimonial status (Application Documents)	Testimonial status (Application Documents)	14
a2478-d0001630-1422677	15	yes	yes	Testimonial status (Application Documents)	Testimonial status (Application Documents)	15
a2478-d0001630-1422677	16	yes	yes	Testimonial status (Application Documents)	Testimonial status (Application Documents)	16
a2478-d0001630-1422677	17	yes	yes	Testimonial status (Application Documents)	Testimonial status (Application Documents)	17
a2478-d0001630-1422677	18	yes	yes	Testimonial status (Application Documents)	Testimonial status (Application Documents)	18
a2478-d0001630-1422677	19	yes	yes	Testimonial labour (Qualification & Employment Proof)	Testimonial labour (Qualification & Employment Proof)	19
a2478-d0001630-1422677	20	yes	yes	Testimonial labour (Qualification & Employment Proof)	Testimonial labour (Qualification & Employment Proof)	20
a2478-d0001630-1422677	21	yes	yes	Testimonial labour (Qualification & Employment Proof)	Testimonial medical letter (Medical & Health Documents)	21
a2478-d0001630-1422677	22	yes	yes	Testimonial labour (Qualification & Employment Proof)	Testimonial labour (Qualification & Employment Proof)	22
a2478-d0001630-1422677	23	yes	yes	Testimonial labour (Qualification & Employment Proof)	Testimonial labour (Qualification & Employment Proof)	23
a2478-d0001630-1422677	24	yes	yes	Testimonial labour (Qualification & Employment Proof)	Testimonial labour (Qualification & Employment Proof)	24
a2478-d0001630-1422677	25	yes	no	Letter about procedure	Testimonial labour (Qualification & Employment Proof)	24
a2478-d0001630-1422677	26	no	no	Letter about procedure	Testimonial labour (Qualification & Employment Proof)	24
a2478-d0001630-1422677	27	yes	yes	DM.1	DM.1	27
a2478-d0001630-1422677	28	no	no	DM.1	DM.1	27
a2478-d0001630-1422677	29	yes	yes	Testimonial medical letter (Medical & Health Documents)	Testimonial medical letter (Medical & Health Documents)	29
a2478-d0001630-1422677	30	yes	yes	Testimonial medical letter (Medical & Health Documents)	Testimonial medical letter (Medical & Health Documents)	30
a2478-d0001630-1422677	31	yes	yes	Testimonial medical letter (Medical & Health Documents)	Testimonial medical letter (Medical & Health Documents)	31
a2478-d0001630-1422677	32	yes	yes	Other (Structured Form, Medical & Health Documents)	Other (Structured Form, Medical & Health Documents)	32
a2478-d0001630-1422677	33	no	no	Other (Structured Form, Medical & Health Documents)	Other (Structured Form, Medical & Health Documents)	32
a2478-d0001630-1422677	34	yes	yes	Other (Structured Form, Medical & Health Documents)	Other (Structured Form, Medical & Health Documents)	34
a2478-d0001630-1422677	35	no	no	Other (Structured Form, Medical & Health Documents)	Other (Structured Form, Medical & Health Documents)	34
a2478-d0001630-1422677	36	yes	yes	Photo	Photo	36
a2478-d0001630-1422677	37	no	no	Photo	Photo	36
a2478-d0001630-1422677	38	yes	yes	Photo	Photo	38
a2478-d0001630-1422677	39	no	no	Photo	Photo	38
a2478-d0001630-1422677	40	yes	yes	Photo	Photo	40
a2478-d0001630-1422677	41	no	no	Photo	Photo	40
a2478-d0001630-1422677	42	yes	yes	Photo	Photo	42
a2478-d0001630-1422677	43	no	no	Photo	Photo	42
a2478-d0001630-1422677	44	yes	yes	Photo	Photo	44
a2478-d0001630-1422677	45	no	no	Photo	Photo	44
a2478-d0001630-1422677	46	yes	yes	Photo	Photo	46
a2478-d0001630-1422677	47	no	no	Photo	Photo	46
a2478-d0001630-1422677	48	yes	yes	Photo	Photo	48
a2478-d0001630-1422677	49	no	no	Photo	Photo	48
a2478-d0001630-1422677	50	yes	yes	Photo	Photo	50
a2478-d0001630-1422677	51	no	no	Photo	Photo	50
a2478-d0001630-1422677	52	yes	yes	Photo	Photo	52
a2478-d0001630-1422677	53	no	no	Photo	Photo	52
a2478-d0001630-1422677	54	yes	yes	Photo	Photo	54
a2478-d0001630-1422677	55	no	no	Photo	Photo	54
a2478-d0001630-1422677	56	yes	yes	Photo	Photo	56
a2478-d0001630-1422677	57	no	no	Photo	Photo	56
a2478-d0001630-1422677	58	yes	yes	Photo	Photo	58
a2478-d0001630-1422677	59	no	no	Photo	Photo	58
a2478-d0001630-1422677	60	yes	yes	Photo	Photo	60
a2478-d0000657-1200878	1	yes	yes	NAA cover	NAA cover	1
a2478-d0000657-1200878	2	yes	yes	Photo	Photo	2
a2478-d0000657-1200878	3	no	no	Photo	Photo	2
a2478-d0000657-1200878	4	yes	yes	Letter about procedure	Letter about procedure	4
a2478-d0000657-1200878	5	yes	yes	Approval notice	Approval notice	5
a2478-d0000657-1200878	6	no	no	Approval notice	Approval notice	5
a2478-d0000657-1200878	7	yes	no	Other (Letter, Other)	Approval notice	5
a2478-d0000657-1200878	8	yes	yes	DM.1	DM.1	8
a2478-d0000657-1200878	9	yes	yes	NAMA agreement	NAMA agreement	9
a2478-d0000657-1200878	10	no	no	NAMA agreement	NAMA agreement	9
a2478-d0000657-1200878	11	yes	yes	Registration card	Registration card	11
a2478-d0000657-1200878	12	yes	yes	Judicial and political background check	Judicial and political background check	12
a2478-d0000657-1200878	13	yes	yes	Testimonial status (Application Documents)	Testimonial labour (Qualification & Employment Proof)	13
a2478-d0000657-1200878	14	yes	yes	Testimonial status (Application Documents)	Testimonial status (Application Documents)	14
a2478-d0000657-1200878	15	yes	yes	D.2	D.2	15
a2478-d0000657-1200878	16	yes	yes	D.1	D.1	16
a2478-d0000657-1200878	17	no	no	D.1	D.1	16
a2478-d0000657-1200878	18	yes	yes	D.1	D.1	18
a2478-d0000657-1200878	19	no	no	D.1	D.1	18
a2478-d0000657-1200878	20	yes	yes	Testimonial labour (Qualification & Employment Proof)	Testimonial labour (Qualification & Employment Proof)	20
a2478-d0000657-1200878	21	yes	yes	Testimonial labour (Qualification & Employment Proof)	Testimonial labour (Qualification & Employment Proof)	21
a2478-d0000657-1200878	22	yes	yes	Testimonial medical letter (Medical & Health Documents)	Testimonial medical letter (Medical & Health Documents)	22
a2478-d0000657-1200878	23	yes	yes	Testimonial medical form (Medical & Health Documents)	Testimonial medical form (Medical & Health Documents)	23
